<mvc:View
	controllerName="Quickstart.App"
	displayBlock="true"
	xmlns="sap.m"
	xmlns:mvc="sap.ui.core.mvc"
	xmlns:l="sap.ui.layout"
	xmlns:core="sap.ui.core"
	xmlns:tnt="sap.tnt">
	<App id="app">
		<Page title="View the Resume of Emina Tuzovic">
			<Button
				icon="sap-icon://accept"
				text="Proceed"
				press=".onPress"
				type="Emphasized"
				class="sapUiSmallMargin"/>
		</Page>
		<Page id="intro" title="Emina Tuzovic">
			<l:BlockLayout background="Light">
				<l:BlockLayoutRow>
					<l:BlockLayoutCell>
						<!--<core:Icon color="#1873B4" src="sap-icon://sap-ui5" size="20rem" class="sapUiMediumMarginBottom" width="100%"/>-->
						<Title level="H1" titleStyle="H1" text="Sections" width="100%" textAlign="Center"/>
					</l:BlockLayoutCell>
				</l:BlockLayoutRow>
				<l:BlockLayoutRow>
					<l:BlockLayoutCell>
						<FlexBox items="{/features}" justifyContent="Center" wrap="Wrap" class="sapUiSmallMarginBottom">
							<tnt:InfoLabel text="{}" class="sapUiSmallMarginTop sapUiSmallMarginEnd"/>
						</FlexBox>
					</l:BlockLayoutCell>
				</l:BlockLayoutRow>
				
				<l:BlockLayoutRow>
					<l:BlockLayoutCell>
						<VBox class="sapUiSmallMargin">
						<Text text="Summary: &#13;
						Highly motivated young professional, ENSEA undergraduate. Positive, passionate and attentioned to details. Strong communication skills. Ready to seek out new challenges and adapt to diverse situations, enjoys working in a fast paced environment." />
						</VBox>
					</l:BlockLayoutCell>
				</l:BlockLayoutRow>
				
				<l:BlockLayoutRow>
					<l:BlockLayoutCell>
						<VBox class="sapUiSmallMargin">
						<Text text="Experience: &#13;
						June 2019 - August 2019 &#13;
						Solar Energy Research Institute of Singapore , Singapore - Engineering intern &#13;
						● Led a theoretical analysis to test the reliability of the four point probe device as a sheet resistance measurement technique, considered as an important parameter for solar cell performance. &#13;
						● Conducted various experiments by testing different samples of solar wafers (thin slice of Silicon semiconductor) in order to confirm the theoretical analysis. &#13;
						June 2017 - August 2017 &#13;
						The National Office of Food Safety, Kenitra, Morocco - Bioengineering Intern &#13;
						● Used a software based on the principle of RTPCR (Real Time Polymerase Chain Reaction) to diagnose plant diseases." />
						</VBox>
					</l:BlockLayoutCell>
				</l:BlockLayoutRow>
				
				<l:BlockLayoutRow>
					<l:BlockLayoutCell>
						<VBox class="sapUiSmallMargin">
						<Text text="Education: &#13; 
						2018 - 2021 &#13; 
						ENSEA Graduate School, Cergy, France - Pursuing Masters, Computer Science and Electrical Engineering &#13; 
						Recent project: Designed a cartography of electromagnetic areas in Cergy by editing a Python code and gathering the data provided online by the ANFR (National Agency of Frequencies). &#13; 
						Major: A.I and Big Data. &#13; 
						2016 - 2018 &#13; 
						Lycée Polyvalent Franklin Roosevelt, Reims, France - Post-secondary Education (Preparatory Classes for Engineering Schools) &#13; 
						Maths, Physics and Engineering major. &#13;  
						Final project: Designed a control loop for an Earth-Air Heat Exchanger system in order to adapt its cooling functions for countries with high temperatures. &#13; 
						July 2014 - August 2014 &#13; 
						Goethe Summer Camp, Bonn, Germany - German Language Courses &#13; 
						2006 - 2014 &#13; 
						American Language Center, Kenitra, Morocco - English Language Courses" />
						</VBox>
					</l:BlockLayoutCell>
				</l:BlockLayoutRow>
				
				<l:BlockLayoutRow>
					<l:BlockLayoutCell>
						<VBox class="sapUiSmallMargin">
						<Text text="Languages: &#13;
						● English: TOEFL (108/120) and TOEIC (955/1000) (Fluent) &#13;
						● French: DALF C1 (Fluent) &#13;
						● Arabic : Moroccan and Classical (Native Speaker) &#13;
						● Montenegrin, Serbian, Croatian, Bosnian (Native Speaker) &#13;
						● German: A2+ (Intermediate level)" />
						</VBox>
					</l:BlockLayoutCell>
				</l:BlockLayoutRow>	
				
				<l:BlockLayoutRow>
					<l:BlockLayoutCell>
						<VBox class="sapUiSmallMargin">
						<Text text="Skills: &#13;
						Programming skills: C++, Python, SQL, VHDL &#13;
						Software skills: Matlab, Mathematica, SolidWorks" />
						</VBox>
					</l:BlockLayoutCell>
				</l:BlockLayoutRow>	

				<l:BlockLayoutRow>
					<l:BlockLayoutCell>
						<VBox class="sapUiSmallMargin">
						<Text text="Personnal: &#13;
						● Member of ENSEA's sailing team, took part in the 51st annual regatta (EDHEC Boat Cup). Currently treasurer of the sailing club (responsible of sponsorship with various firms such as Sopra Steria in order to finance the skipper, purchase the uniforms and rent the sailing boat for the annual regatta). &#13;
						● Head of events in ENSEA’s 2019 Students Bureau. The biggest event organised so far with the events pole included a budget of 26,000 Euros. &#13;
						● Oil and acrylic painter. Participated in national exhibitions and art sales (attended art sales and price negotiations). &#13;
						● Accomplished tennis player. Took part in national tournaments and elected captain of the university's tennis team. &#13;
						● 2015 Volunteer in Dar Lakbira, a non profit organization that supports orphanage care and education in Morocco. &#13;
						● Team leader at La Parole d’Or 2014 edition debate team, awarded second place. &#13;
						● Passionate mountain climber and hiker, reached a few peaks in Europe and the highest one in northern Africa." />
						</VBox>
					</l:BlockLayoutCell>
				</l:BlockLayoutRow>	
				
				<l:BlockLayoutRow>
					<l:BlockLayoutCell>
						<Panel headerText="Do you wish to contact me?" expandable="true">
							<Switch change=".onChange" customTextOn="yes" customTextOff="no"/>
							<l:HorizontalLayout id="ready" visible="false" class="sapUiSmallMargin">
								<Text text="Email address: tuzovicemina@gmail.com, Phone number: +33 7 61 45 65 34" class="sapUiTinyMarginEnd"/>
								<!--<Link text="Learn more" href="https://openui5.hana.ondemand.com/"/>-->
							</l:HorizontalLayout>
						</Panel>
					</l:BlockLayoutCell>
				</l:BlockLayoutRow>
			</l:BlockLayout>
		</Page>

	</App>
</mvc:View>