{
	"APNSEnabled": true,
	"ActionConfiguration": null,
	"AppLaunchUrl": null,
	"AutoSubscribe": false,
	"CardClass": "HtmlTemplate",
	"CardRenderer": "UI5",
	"CollectionType": "useCollection",
	"Connection": "com.sap.edm.sampleservice.v2",
	"CustomType": "Query",
	"GroupName": null,
	"HiddenSubscription": false,
	"Locked": false,
	"Name": "ResumeEmina",
	"NotificationMessages": null,
	"NotificationRules": [
	],
	"Parameters": null,
	"QueryConfiguration": {
		"CacheQueryResult": false,
		"QueryEntityKeyPaths": [
		],
		"QueryURLCollectionRoot": ""
	},
	"QueryInterval": null,
	"QueryReturnsEntityCollection": true,
	"QueryType": "upToDate",
	"QueryURL": "",
	"RefreshInterval": null,
	"RefreshType": "upToDate",
	"ResourceIdentifiers": [
	],
	"RouteName": "",
	"SubscribableTo": {
		"Users": [
		]
	},
	"UrlMatch": null
}